ret,fname,en_datetime,ex_datetime,proc
124682597269504,/dev/null,2025-12-04 10:33:02.549197,2025-12-04 10:33:02.549203,vllm
8665432064,/dev/nvidia-uvm,2025-12-04 10:33:26.689721,2025-12-04 10:33:26.689826,VLLM::EngineCor
123973412900864,/dev/nvidia1,2025-12-04 10:33:25.763485,2025-12-04 10:33:25.763510,VLLM::EngineCor
8594128896,/dev/nvidiactl,2025-12-04 10:33:26.666339,2025-12-04 10:33:26.668318,VLLM::EngineCor
128567928233984,/dev/shm/sem.BTc0A5,2025-12-04 10:33:27.695746,2025-12-04 10:33:27.695755,python3
128567935078400,/dev/shm/sem.ISi9DM,2025-12-04 10:33:27.695563,2025-12-04 10:33:27.695575,python3
123980491554816,/dev/shm/sem.JA2qlt,2025-12-04 10:33:56.990343,2025-12-04 10:33:56.990370,VLLM::EngineCor
123980491563008,/dev/shm/sem.U43vYY,2025-12-04 10:33:25.441615,2025-12-04 10:33:25.441624,VLLM::EngineCor
128567928127488,/dev/shm/sem.pQ261e,2025-12-04 10:33:27.695892,2025-12-04 10:33:27.695900,python3
124680540852224,/etc/ld.so.cache,2025-12-04 10:32:47.139217,2025-12-04 10:32:47.139230,vllm
124682598907904,/proc/version_signature,2025-12-04 10:33:02.549128,2025-12-04 10:33:02.549148,vllm
123943929249792,/root/.cache/huggingface/hub/models--meta-llama--Llama-3.1-8B/snapshots/d04e592bb4f6aa9cfee91e2e20a..,2025-12-04 10:33:56.992266,2025-12-04 10:33:56.992303,VLLM::EngineCor
123970875555840,/root/.cache/tvm-ffi/libtorch_c_dlpack_addon_torch29-cuda.so,2025-12-04 10:33:56.244980,2025-12-04 10:33:56.245012,VLLM::EngineCor
123970204954624,/root/.triton/cache/YU2JAVMUDZ5H5NM2UV7YLARYIS35PZL4WNAPRO3QLGCUQRK25FTA/cuda_utils.cpython-312-x86..,2025-12-04 10:34:14.596118,2025-12-04 10:34:14.596158,VLLM::EngineCor
129605099102208,/usr/lib/gcc/x86_64-linux-gnu/11/liblto_plugin.so,2025-12-04 10:33:55.152611,2025-12-04 10:33:55.152624,ld
123134708940800,/usr/lib/locale/C.utf8/LC_CTYPE,2025-12-04 10:32:58.362068,2025-12-04 10:32:58.362075,uname
131360539942912,/usr/lib/python3.12/lib-dynload/_asyncio.cpython-312-x86_64-linux-gnu.so,2025-12-04 10:33:03.989162,2025-12-04 10:33:03.989190,python3
131360659730432,/usr/lib/python3.12/lib-dynload/_bz2.cpython-312-x86_64-linux-gnu.so,2025-12-04 10:33:02.991404,2025-12-04 10:33:02.991411,python3
131360657055744,/usr/lib/python3.12/lib-dynload/_contextvars.cpython-312-x86_64-linux-gnu.so,2025-12-04 10:33:03.724232,2025-12-04 10:33:03.724244,python3
131360662155264,/usr/lib/python3.12/lib-dynload/_ctypes.cpython-312-x86_64-linux-gnu.so,2025-12-04 10:33:02.962923,2025-12-04 10:33:02.962931,python3
124680540880896,/usr/lib/python3.12/lib-dynload/_decimal.cpython-312-x86_64-linux-gnu.so,2025-12-04 10:32:41.857429,2025-12-04 10:32:41.857442,vllm
131360652845056,/usr/lib/python3.12/lib-dynload/_hashlib.cpython-312-x86_64-linux-gnu.so,2025-12-04 10:33:04.044224,2025-12-04 10:33:04.044230,python3
131360659374080,/usr/lib/python3.12/lib-dynload/_json.cpython-312-x86_64-linux-gnu.so,2025-12-04 10:33:02.995359,2025-12-04 10:33:02.995367,python3
124682480267264,/usr/lib/python3.12/lib-dynload/_lsprof.cpython-312-x86_64-linux-gnu.so,2025-12-04 10:32:41.219685,2025-12-04 10:32:41.219707,vllm
131360659599360,/usr/lib/python3.12/lib-dynload/_lzma.cpython-312-x86_64-linux-gnu.so,2025-12-04 10:33:02.992177,2025-12-04 10:33:02.992187,python3
124679269167104,/usr/lib/python3.12/lib-dynload/_multibytecodec.cpython-312-x86_64-linux-gnu.so,2025-12-04 10:32:51.768483,2025-12-04 10:32:51.768495,vllm
131360652795904,/usr/lib/python3.12/lib-dynload/_multiprocessing.cpython-312-x86_64-linux-gnu.so,2025-12-04 10:33:04.345008,2025-12-04 10:33:04.345018,python3
131360656945152,/usr/lib/python3.12/lib-dynload/_posixshmem.cpython-312-x86_64-linux-gnu.so,2025-12-04 10:33:04.349269,2025-12-04 10:33:04.349280,python3
131360656965632,/usr/lib/python3.12/lib-dynload/_queue.cpython-312-x86_64-linux-gnu.so,2025-12-04 10:33:04.029536,2025-12-04 10:33:04.029546,python3
124675515338752,/usr/lib/python3.12/lib-dynload/_sqlite3.cpython-312-x86_64-linux-gnu.so,2025-12-04 10:33:01.539679,2025-12-04 10:33:01.539688,vllm
131360652275712,/usr/lib/python3.12/lib-dynload/_ssl.cpython-312-x86_64-linux-gnu.so,2025-12-04 10:33:03.979703,2025-12-04 10:33:03.979713,python3
131360652824576,/usr/lib/python3.12/lib-dynload/_uuid.cpython-312-x86_64-linux-gnu.so,2025-12-04 10:33:04.187921,2025-12-04 10:33:04.187930,python3
124679570444288,/usr/lib/python3.12/lib-dynload/_zoneinfo.cpython-312-x86_64-linux-gnu.so,2025-12-04 10:32:51.138963,2025-12-04 10:32:51.138975,vllm
131360656990208,/usr/lib/python3.12/lib-dynload/mmap.cpython-312-x86_64-linux-gnu.so,2025-12-04 10:33:03.949898,2025-12-04 10:33:03.949909,python3
124679570419712,/usr/lib/python3.12/lib-dynload/resource.cpython-312-x86_64-linux-gnu.so,2025-12-04 10:32:51.399847,2025-12-04 10:32:51.399862,vllm
124682480226304,/usr/lib/python3.12/lib-dynload/termios.cpython-312-x86_64-linux-gnu.so,2025-12-04 10:32:41.228732,2025-12-04 10:32:41.228742,vllm
123134711574528,/usr/lib/x86_64-linux-gnu/gconv/gconv-modules.cache,2025-12-04 10:32:58.362114,2025-12-04 10:32:58.362119,uname
126967012167680,/usr/lib/x86_64-linux-gnu/libbfd-2.38-system.so,2025-12-04 10:33:55.074192,2025-12-04 10:33:55.074203,as
131360659652608,/usr/lib/x86_64-linux-gnu/libbz2.so.1.0,2025-12-04 10:33:02.991539,2025-12-04 10:33:02.991547,python3
123134709309440,/usr/lib/x86_64-linux-gnu/libc.so.6,2025-12-04 10:32:58.361566,2025-12-04 10:32:58.361570,uname
131353829527552,/usr/lib/x86_64-linux-gnu/libcrypto.so.3,2025-12-04 10:33:03.980006,2025-12-04 10:33:03.980011,python3
129605101940736,/usr/lib/x86_64-linux-gnu/libctf.so.0,2025-12-04 10:33:55.148907,2025-12-04 10:33:55.148930,ld
131360658255872,/usr/lib/x86_64-linux-gnu/libdl.so.2,2025-12-04 10:33:03.011431,2025-12-04 10:33:03.011434,python3
131360668495872,/usr/lib/x86_64-linux-gnu/libexpat.so.1,2025-12-04 10:33:02.910639,2025-12-04 10:33:02.910651,python3
131360662073344,/usr/lib/x86_64-linux-gnu/libffi.so.8,2025-12-04 10:33:02.963067,2025-12-04 10:33:02.963076,python3
124678677278720,/usr/lib/x86_64-linux-gnu/libfribidi.so.0,2025-12-04 10:32:53.560284,2025-12-04 10:32:53.560289,vllm
131360658104320,/usr/lib/x86_64-linux-gnu/libgcc_s.so.1,2025-12-04 10:33:03.024481,2025-12-04 10:33:03.024488,python3
130057082359808,/usr/lib/x86_64-linux-gnu/libgmp.so.10,2025-12-04 10:33:30.423592,2025-12-04 10:33:30.423604,cc1plus
130057085820928,/usr/lib/x86_64-linux-gnu/libisl.so.23,2025-12-04 10:33:30.422711,2025-12-04 10:33:30.422721,cc1plus
131360659423232,/usr/lib/x86_64-linux-gnu/liblzma.so.5,2025-12-04 10:33:02.992302,2025-12-04 10:33:02.992306,python3
131360668811264,/usr/lib/x86_64-linux-gnu/libm.so.6,2025-12-04 10:33:02.910058,2025-12-04 10:33:02.910068,python3
130057085706240,/usr/lib/x86_64-linux-gnu/libmpc.so.3,2025-12-04 10:33:30.423028,2025-12-04 10:33:30.423040,cc1plus
130057082892288,/usr/lib/x86_64-linux-gnu/libmpfr.so.6,2025-12-04 10:33:30.423305,2025-12-04 10:33:30.423316,cc1plus
124677455060992,/usr/lib/x86_64-linux-gnu/libnuma.so.1,2025-12-04 10:32:54.400426,2025-12-04 10:32:54.400432,vllm
124675518627840,/usr/lib/x86_64-linux-gnu/libnvidia-ml.so.1,2025-12-04 10:32:47.139284,2025-12-04 10:32:47.139297,vllm
126967013715968,/usr/lib/x86_64-linux-gnu/libopcodes-2.38-system.so,2025-12-04 10:33:55.073880,2025-12-04 10:33:55.073889,as
129666083934208,/usr/lib/x86_64-linux-gnu/libpcre.so.3,2025-12-04 10:33:14.179395,2025-12-04 10:33:14.179405,grep
131360658276352,/usr/lib/x86_64-linux-gnu/libpthread.so.0,2025-12-04 10:33:03.011276,2025-12-04 10:33:03.011279,python3
131360658235392,/usr/lib/x86_64-linux-gnu/librt.so.1,2025-12-04 10:33:03.011897,2025-12-04 10:33:03.011900,python3
125198497316864,/usr/lib/x86_64-linux-gnu/libsmartcols.so.1,2025-12-04 10:33:27.616422,2025-12-04 10:33:27.616429,lscpu
124673030377472,/usr/lib/x86_64-linux-gnu/libsqlite3.so.0,2025-12-04 10:33:01.539852,2025-12-04 10:33:01.539856,vllm
131356736995328,/usr/lib/x86_64-linux-gnu/libssl.so.3,2025-12-04 10:33:03.979900,2025-12-04 10:33:03.979904,python3
131360528089088,/usr/lib/x86_64-linux-gnu/libstdc++.so.6,2025-12-04 10:33:03.024379,2025-12-04 10:33:03.024383,python3
135833320669184,/usr/lib/x86_64-linux-gnu/libtinfo.so.6,2025-12-04 10:33:27.675097,2025-12-04 10:33:27.675107,dmesg
131360657027072,/usr/lib/x86_64-linux-gnu/libutil.so.1,2025-12-04 10:33:03.040771,2025-12-04 10:33:03.040774,python3
131360652759040,/usr/lib/x86_64-linux-gnu/libuuid.so.1,2025-12-04 10:33:04.188099,2025-12-04 10:33:04.188102,python3
131360668696576,/usr/lib/x86_64-linux-gnu/libz.so.1,2025-12-04 10:33:02.910357,2025-12-04 10:33:02.910370,python3
130057081389056,/usr/lib/x86_64-linux-gnu/libzstd.so.1,2025-12-04 10:33:30.424137,2025-12-04 10:33:30.424146,cc1plus
131355547029504,/usr/local/cuda-12.9/compat/libcuda.so.1,2025-12-04 10:33:03.324718,2025-12-04 10:33:03.324729,python3
123967996166144,/usr/local/cuda/targets/x86_64-linux/lib//libcudart.so.12,2025-12-04 10:33:56.271853,2025-12-04 10:33:56.271889,VLLM::EngineCor
124675034185728,/usr/local/lib/python3.12/dist-packages/PIL/../pillow.libs/libXau-154567c4.so.6.0.0,2025-12-04 10:32:52.156767,2025-12-04 10:32:52.156775,vllm
124678568411136,/usr/local/lib/python3.12/dist-packages/PIL/../pillow.libs/libbrotlicommon-c55a5f7a.so.1.1.0,2025-12-04 10:32:53.558750,2025-12-04 10:32:53.558754,vllm
124678854619136,/usr/local/lib/python3.12/dist-packages/PIL/../pillow.libs/libbrotlidec-2ced2f3a.so.1.1.0,2025-12-04 10:32:53.558630,2025-12-04 10:32:53.558633,vllm
124675013578752,/usr/local/lib/python3.12/dist-packages/PIL/../pillow.libs/libfreetype-5bb46249.so.6.20.4,2025-12-04 10:32:53.558313,2025-12-04 10:32:53.558317,vllm
124675036409856,/usr/local/lib/python3.12/dist-packages/PIL/../pillow.libs/libharfbuzz-525aa570.so.0.61210.0,2025-12-04 10:32:53.558427,2025-12-04 10:32:53.558431,vllm
124675039735808,/usr/local/lib/python3.12/dist-packages/PIL/../pillow.libs/libjpeg-a41b0190.so.62.4.0,2025-12-04 10:32:52.156196,2025-12-04 10:32:52.156201,vllm
124677725609984,/usr/local/lib/python3.12/dist-packages/PIL/../pillow.libs/liblzma-64b7ab39.so.5.8.1,2025-12-04 10:32:52.156648,2025-12-04 10:32:52.156652,vllm
124675039150080,/usr/local/lib/python3.12/dist-packages/PIL/../pillow.libs/libopenjp2-94e588ba.so.2.5.4,2025-12-04 10:32:52.156319,2025-12-04 10:32:52.156324,vllm
124677725327360,/usr/local/lib/python3.12/dist-packages/PIL/../pillow.libs/libpng16-00127801.so.16.50.0,2025-12-04 10:32:53.558536,2025-12-04 10:32:53.558544,vllm
124675040575488,/usr/local/lib/python3.12/dist-packages/PIL/../pillow.libs/libtiff-295fd75c.so.6.2.0,2025-12-04 10:32:52.156046,2025-12-04 10:32:52.156054,vllm
124678854688768,/usr/local/lib/python3.12/dist-packages/PIL/../pillow.libs/libxcb-64009ff3.so.1.1.0,2025-12-04 10:32:52.156430,2025-12-04 10:32:52.156435,vllm
124675037347840,/usr/local/lib/python3.12/dist-packages/PIL/../pillow.libs/libzstd-761a17b6.so.1.5.7,2025-12-04 10:32:52.156549,2025-12-04 10:32:52.156553,vllm
124675742978048,/usr/local/lib/python3.12/dist-packages/PIL/_imaging.cpython-312-x86_64-linux-gnu.so,2025-12-04 10:32:52.155698,2025-12-04 10:32:52.155711,vllm
124679269081088,/usr/local/lib/python3.12/dist-packages/PIL/_imagingft.cpython-312-x86_64-linux-gnu.so,2025-12-04 10:32:53.558148,2025-12-04 10:32:53.558156,vllm
124674983907328,/usr/local/lib/python3.12/dist-packages/_awscrt.abi3.so,2025-12-04 10:32:54.399246,2025-12-04 10:32:54.399266,vllm
124679269224448,/usr/local/lib/python3.12/dist-packages/_cbor2.cpython-312-x86_64-linux-gnu.so,2025-12-04 10:32:51.611719,2025-12-04 10:32:51.611734,vllm
124673226846208,/usr/local/lib/python3.12/dist-packages/aiohttp/_http_parser.cpython-312-x86_64-linux-gnu.so,2025-12-04 10:32:57.609988,2025-12-04 10:32:57.609996,vllm
124673227292672,/usr/local/lib/python3.12/dist-packages/aiohttp/_http_writer.cpython-312-x86_64-linux-gnu.so,2025-12-04 10:32:57.600976,2025-12-04 10:32:57.600984,vllm
124673226797056,/usr/local/lib/python3.12/dist-packages/aiohttp/_websocket/mask.cpython-312-x86_64-linux-gnu.so,2025-12-04 10:32:57.630982,2025-12-04 10:32:57.631001,vllm
124673226579968,/usr/local/lib/python3.12/dist-packages/aiohttp/_websocket/reader_c.cpython-312-x86_64-linux-gnu.so..,2025-12-04 10:32:57.634401,2025-12-04 10:32:57.634430,vllm
124673217421312,/usr/local/lib/python3.12/dist-packages/blake3/blake3.cpython-312-x86_64-linux-gnu.so,2025-12-04 10:32:58.221654,2025-12-04 10:32:58.221665,vllm
124680539336704,/usr/local/lib/python3.12/dist-packages/charset_normalizer/md.cpython-312-x86_64-linux-gnu.so,2025-12-04 10:32:51.767407,2025-12-04 10:32:51.767416,vllm
124678854942720,/usr/local/lib/python3.12/dist-packages/charset_normalizer/md__mypyc.cpython-312-x86_64-linux-gnu.s..,2025-12-04 10:32:51.767624,2025-12-04 10:32:51.767630,vllm
123969870872576,/usr/local/lib/python3.12/dist-packages/cuda/bindings/_bindings/cydriver.cpython-312-x86_64-linux-g..,2025-12-04 10:33:27.762752,2025-12-04 10:33:27.762765,VLLM::EngineCor
123970875723776,/usr/local/lib/python3.12/dist-packages/cuda/bindings/cydriver.cpython-312-x86_64-linux-gnu.so,2025-12-04 10:33:27.761818,2025-12-04 10:33:27.761823,VLLM::EngineCor
123967999496192,/usr/local/lib/python3.12/dist-packages/cuda/bindings/driver.cpython-312-x86_64-linux-gnu.so,2025-12-04 10:33:27.754980,2025-12-04 10:33:27.754985,VLLM::EngineCor
123968996524032,/usr/local/lib/python3.12/dist-packages/cudnn/_compiled_module.cpython-312-x86_64-linux-gnu.so,2025-12-04 10:33:56.280410,2025-12-04 10:33:56.280427,VLLM::EngineCor
124673224380416,/usr/local/lib/python3.12/dist-packages/frozenlist/_frozenlist.cpython-312-x86_64-linux-gnu.so,2025-12-04 10:32:57.766509,2025-12-04 10:32:57.766541,vllm
124675514826752,/usr/local/lib/python3.12/dist-packages/google/_upb/_message.abi3.so,2025-12-04 10:33:13.622997,2025-12-04 10:33:13.623005,vllm
131350567817216,/usr/local/lib/python3.12/dist-packages/hf_transfer/hf_transfer.abi3.so,2025-12-04 10:33:11.936867,2025-12-04 10:33:11.936880,python3
124672921055232,/usr/local/lib/python3.12/dist-packages/httptools/parser/parser.cpython-312-x86_64-linux-gnu.so,2025-12-04 10:34:50.634526,2025-12-04 10:34:50.634551,vllm
124672920965120,/usr/local/lib/python3.12/dist-packages/httptools/parser/url_parser.cpython-312-x86_64-linux-gnu.so..,2025-12-04 10:34:50.637635,2025-12-04 10:34:50.637668,vllm
124673032790016,/usr/local/lib/python3.12/dist-packages/llguidance/_lib.abi3.so,2025-12-04 10:33:01.501036,2025-12-04 10:33:01.501065,vllm
123969932169216,/usr/local/lib/python3.12/dist-packages/llvmlite/binding/libllvmlite.so,2025-12-04 10:33:25.846673,2025-12-04 10:33:25.846683,VLLM::EngineCor
124680540860416,/usr/local/lib/python3.12/dist-packages/markupsafe/_speedups.cpython-312-x86_64-linux-gnu.so,2025-12-04 10:32:49.387110,2025-12-04 10:32:49.387121,vllm
124675515154432,/usr/local/lib/python3.12/dist-packages/msgpack/_cmsgpack.cpython-312-x86_64-linux-gnu.so,2025-12-04 10:33:13.562033,2025-12-04 10:33:13.562047,vllm
124673218183168,/usr/local/lib/python3.12/dist-packages/msgspec/_core.cpython-312-x86_64-linux-gnu.so,2025-12-04 10:32:58.181309,2025-12-04 10:32:58.181335,vllm
124673228636160,/usr/local/lib/python3.12/dist-packages/multidict/_multidict.cpython-312-x86_64-linux-gnu.so,2025-12-04 10:32:57.075416,2025-12-04 10:32:57.075437,vllm
123975338553344,/usr/local/lib/python3.12/dist-packages/numba/_devicearray.cpython-312-x86_64-linux-gnu.so,2025-12-04 10:33:26.221403,2025-12-04 10:33:26.221410,VLLM::EngineCor
123973412573184,/usr/local/lib/python3.12/dist-packages/numba/_dispatcher.cpython-312-x86_64-linux-gnu.so,2025-12-04 10:33:26.221064,2025-12-04 10:33:26.221080,VLLM::EngineCor
123975345311744,/usr/local/lib/python3.12/dist-packages/numba/_dynfunc.cpython-312-x86_64-linux-gnu.so,2025-12-04 10:33:26.169482,2025-12-04 10:33:26.169489,VLLM::EngineCor
123973412626432,/usr/local/lib/python3.12/dist-packages/numba/_helperlib.cpython-312-x86_64-linux-gnu.so,2025-12-04 10:33:26.149314,2025-12-04 10:33:26.149326,VLLM::EngineCor
123973412536320,/usr/local/lib/python3.12/dist-packages/numba/core/runtime/_nrt_python.cpython-312-x86_64-linux-gnu..,2025-12-04 10:33:26.474987,2025-12-04 10:33:26.474996,VLLM::EngineCor
123973435838464,/usr/local/lib/python3.12/dist-packages/numba/core/typeconv/_typeconv.cpython-312-x86_64-linux-gnu...,2025-12-04 10:33:26.030717,2025-12-04 10:33:26.030729,VLLM::EngineCor
123973412478976,/usr/local/lib/python3.12/dist-packages/numba/experimental/jitclass/_box.cpython-312-x86_64-linux-g..,2025-12-04 10:33:26.581723,2025-12-04 10:33:26.581733,VLLM::EngineCor
123973412499456,/usr/local/lib/python3.12/dist-packages/numba/np/ufunc/_internal.cpython-312-x86_64-linux-gnu.so,2025-12-04 10:33:26.541774,2025-12-04 10:33:26.541786,VLLM::EngineCor
131355509784576,/usr/local/lib/python3.12/dist-packages/numpy/_core/../../numpy.libs/libgfortran-040039e1-0352e75f...,2025-12-04 10:33:03.712281,2025-12-04 10:33:03.712308,python3
131355505590272,/usr/local/lib/python3.12/dist-packages/numpy/_core/../../numpy.libs/libquadmath-96973f99-934c22de...,2025-12-04 10:33:03.712646,2025-12-04 10:33:03.712662,python3
131355515162624,/usr/local/lib/python3.12/dist-packages/numpy/_core/../../numpy.libs/libscipy_openblas64_-6bb31eeb...,2025-12-04 10:33:03.711873,2025-12-04 10:33:03.711883,python3
131355536891904,/usr/local/lib/python3.12/dist-packages/numpy/_core/_multiarray_umath.cpython-312-x86_64-linux-gnu...,2025-12-04 10:33:03.711135,2025-12-04 10:33:03.711158,python3
124678677393408,/usr/local/lib/python3.12/dist-packages/numpy/fft/_pocketfft_umath.cpython-312-x86_64-linux-gnu.so,2025-12-04 10:32:44.820948,2025-12-04 10:32:44.820955,vllm
131360660815872,/usr/local/lib/python3.12/dist-packages/numpy/linalg/_umath_linalg.cpython-312-x86_64-linux-gnu.so,2025-12-04 10:33:03.865713,2025-12-04 10:33:03.865725,python3
124680061210624,/usr/local/lib/python3.12/dist-packages/numpy/random/_bounded_integers.cpython-312-x86_64-linux-gnu..,2025-12-04 10:32:44.862057,2025-12-04 10:32:44.862069,vllm
124680539492352,/usr/local/lib/python3.12/dist-packages/numpy/random/_common.cpython-312-x86_64-linux-gnu.so,2025-12-04 10:32:44.849108,2025-12-04 10:32:44.849125,vllm
124675703074816,/usr/local/lib/python3.12/dist-packages/numpy/random/_generator.cpython-312-x86_64-linux-gnu.so,2025-12-04 10:32:44.867185,2025-12-04 10:32:44.867193,vllm
124680539357184,/usr/local/lib/python3.12/dist-packages/numpy/random/_mt19937.cpython-312-x86_64-linux-gnu.so,2025-12-04 10:32:44.863063,2025-12-04 10:32:44.863072,vllm
124679570567168,/usr/local/lib/python3.12/dist-packages/numpy/random/_pcg64.cpython-312-x86_64-linux-gnu.so,2025-12-04 10:32:44.865880,2025-12-04 10:32:44.865889,vllm
124680061091840,/usr/local/lib/python3.12/dist-packages/numpy/random/_philox.cpython-312-x86_64-linux-gnu.so,2025-12-04 10:32:44.865222,2025-12-04 10:32:44.865232,vllm
124679570485248,/usr/local/lib/python3.12/dist-packages/numpy/random/_sfc64.cpython-312-x86_64-linux-gnu.so,2025-12-04 10:32:44.866569,2025-12-04 10:32:44.866575,vllm
124682480005120,/usr/local/lib/python3.12/dist-packages/numpy/random/bit_generator.cpython-312-x86_64-linux-gnu.so,2025-12-04 10:32:44.846433,2025-12-04 10:32:44.846463,vllm
124677448286208,/usr/local/lib/python3.12/dist-packages/numpy/random/mtrand.cpython-312-x86_64-linux-gnu.so,2025-12-04 10:32:44.859975,2025-12-04 10:32:44.859988,vllm
131360530366464,/usr/local/lib/python3.12/dist-packages/nvidia/cuda_nvrtc/lib/libnvrtc-builtins.so.12.9,2025-12-04 10:33:03.024237,2025-12-04 10:33:03.024249,python3
131360540016640,/usr/local/lib/python3.12/dist-packages/nvidia/cuda_nvrtc/lib/libnvrtc.so.12,2025-12-04 10:33:03.013244,2025-12-04 10:33:03.013252,python3
131360431071232,/usr/local/lib/python3.12/dist-packages/nvidia/nvjitlink/lib/libnvJitLink.so.12,2025-12-04 10:33:03.026619,2025-12-04 10:33:03.026628,python3
124673044967424,/usr/local/lib/python3.12/dist-packages/openai_harmony/openai_harmony.abi3.so,2025-12-04 10:33:01.071265,2025-12-04 10:33:01.071273,vllm
124673227358208,/usr/local/lib/python3.12/dist-packages/propcache/_helpers_c.cpython-312-x86_64-linux-gnu.so,2025-12-04 10:32:57.546797,2025-12-04 10:32:57.546818,vllm
124679570382848,/usr/local/lib/python3.12/dist-packages/psutil/_psutil_linux.abi3.so,2025-12-04 10:32:51.402339,2025-12-04 10:32:51.402347,vllm
124673215225856,/usr/local/lib/python3.12/dist-packages/pybase64/_pybase64.cpython-312-x86_64-linux-gnu.so,2025-12-04 10:32:58.303493,2025-12-04 10:32:58.303510,vllm
124675471089664,/usr/local/lib/python3.12/dist-packages/pydantic_core/_pydantic_core.cpython-312-x86_64-linux-gnu.s..,2025-12-04 10:32:50.840081,2025-12-04 10:32:50.840111,vllm
124672977616896,/usr/local/lib/python3.12/dist-packages/ray/_raylet.so,2025-12-04 10:33:13.524649,2025-12-04 10:33:13.524670,vllm
123978430607360,/usr/local/lib/python3.12/dist-packages/ray/thirdparty_files/psutil/_psutil_linux.abi3.so,2025-12-04 10:33:20.642239,2025-12-04 10:33:20.642246,python3
124675767934976,/usr/local/lib/python3.12/dist-packages/regex/_regex.cpython-312-x86_64-linux-gnu.so,2025-12-04 10:32:50.736415,2025-12-04 10:32:50.736435,vllm
124672970534912,/usr/local/lib/python3.12/dist-packages/rpds/rpds.cpython-312-x86_64-linux-gnu.so,2025-12-04 10:33:14.033114,2025-12-04 10:33:14.033120,vllm
124673223127040,/usr/local/lib/python3.12/dist-packages/runai_model_streamer/libstreamer/lib/libstreamer.so,2025-12-04 10:32:57.883672,2025-12-04 10:32:57.883687,vllm
124675047620608,/usr/local/lib/python3.12/dist-packages/safetensors/_safetensors_rust.abi3.so,2025-12-04 10:32:51.648599,2025-12-04 10:32:51.648607,vllm
124675537190912,/usr/local/lib/python3.12/dist-packages/scipy/_cyutility.cpython-312-x86_64-linux-gnu.so,2025-12-04 10:32:55.111161,2025-12-04 10:32:55.111201,vllm
124675767848960,/usr/local/lib/python3.12/dist-packages/scipy/_lib/_ccallback_c.cpython-312-x86_64-linux-gnu.so,2025-12-04 10:32:55.066216,2025-12-04 10:32:55.066226,vllm
124673248755712,/usr/local/lib/python3.12/dist-packages/scipy/_lib/_uarray/_uarray.cpython-312-x86_64-linux-gnu.so,2025-12-04 10:32:56.035667,2025-12-04 10:32:56.035685,vllm
124673266966528,/usr/local/lib/python3.12/dist-packages/scipy/_lib/messagestream.cpython-312-x86_64-linux-gnu.so,2025-12-04 10:32:55.894325,2025-12-04 10:32:55.894331,vllm
124673241128960,/usr/local/lib/python3.12/dist-packages/scipy/fft/_pocketfft/pypocketfft.cpython-312-x86_64-linux-g..,2025-12-04 10:32:56.111156,2025-12-04 10:32:56.111174,vllm
124674951655424,/usr/local/lib/python3.12/dist-packages/scipy/linalg/../../scipy.libs/libscipy_openblas-b75cc656.so..,2025-12-04 10:32:55.096013,2025-12-04 10:32:55.096018,vllm
124675010170880,/usr/local/lib/python3.12/dist-packages/scipy/linalg/_cythonized_array_utils.cpython-312-x86_64-lin..,2025-12-04 10:32:55.110021,2025-12-04 10:32:55.110052,vllm
124673248882688,/usr/local/lib/python3.12/dist-packages/scipy/linalg/_decomp_interpolative.cpython-312-x86_64-linux..,2025-12-04 10:32:56.020793,2025-12-04 10:32:56.020801,vllm
124675010056192,/usr/local/lib/python3.12/dist-packages/scipy/linalg/_decomp_lu_cython.cpython-312-x86_64-linux-gnu..,2025-12-04 10:32:55.594025,2025-12-04 10:32:55.594033,vllm
124673274511360,/usr/local/lib/python3.12/dist-packages/scipy/linalg/_decomp_update.cpython-312-x86_64-linux-gnu.so..,2025-12-04 10:32:55.634160,2025-12-04 10:32:55.634181,vllm
124674975649792,/usr/local/lib/python3.12/dist-packages/scipy/linalg/_fblas.cpython-312-x86_64-linux-gnu.so,2025-12-04 10:32:55.095628,2025-12-04 10:32:55.095638,vllm
124673278398464,/usr/local/lib/python3.12/dist-packages/scipy/linalg/_flapack.cpython-312-x86_64-linux-gnu.so,2025-12-04 10:32:55.105684,2025-12-04 10:32:55.105694,vllm
124674997366784,/usr/local/lib/python3.12/dist-packages/scipy/linalg/_linalg_pythran.cpython-312-x86_64-linux-gnu.s..,2025-12-04 10:32:55.621729,2025-12-04 10:32:55.621735,vllm
124673274843136,/usr/local/lib/python3.12/dist-packages/scipy/linalg/_matfuncs_expm.cpython-312-x86_64-linux-gnu.so..,2025-12-04 10:32:55.620828,2025-12-04 10:32:55.620836,vllm
124674950553600,/usr/local/lib/python3.12/dist-packages/scipy/linalg/_matfuncs_schur_sqrtm.cpython-312-x86_64-linux..,2025-12-04 10:32:55.619748,2025-12-04 10:32:55.619755,vllm
124675742842880,/usr/local/lib/python3.12/dist-packages/scipy/linalg/_solve_toeplitz.cpython-312-x86_64-linux-gnu.s..,2025-12-04 10:32:55.587729,2025-12-04 10:32:55.587741,vllm
124674997190656,/usr/local/lib/python3.12/dist-packages/scipy/linalg/cython_blas.cpython-312-x86_64-linux-gnu.so,2025-12-04 10:32:55.634580,2025-12-04 10:32:55.634590,vllm
124674950946816,/usr/local/lib/python3.12/dist-packages/scipy/linalg/cython_lapack.cpython-312-x86_64-linux-gnu.so,2025-12-04 10:32:55.112047,2025-12-04 10:32:55.112056,vllm
124673240936448,/usr/local/lib/python3.12/dist-packages/scipy/optimize/_bglu_dense.cpython-312-x86_64-linux-gnu.so,2025-12-04 10:32:56.125776,2025-12-04 10:32:56.125782,vllm
124673236000768,/usr/local/lib/python3.12/dist-packages/scipy/optimize/_direct.cpython-312-x86_64-linux-gnu.so,2025-12-04 10:32:56.224849,2025-12-04 10:32:56.224854,vllm
124675036323840,/usr/local/lib/python3.12/dist-packages/scipy/optimize/_group_columns.cpython-312-x86_64-linux-gnu...,2025-12-04 10:32:55.847562,2025-12-04 10:32:55.847568,vllm
124673249988608,/usr/local/lib/python3.12/dist-packages/scipy/optimize/_highspy/_core.cpython-312-x86_64-linux-gnu...,2025-12-04 10:32:55.998450,2025-12-04 10:32:55.998458,vllm
124673249640448,/usr/local/lib/python3.12/dist-packages/scipy/optimize/_highspy/_highs_options.cpython-312-x86_64-l..,2025-12-04 10:32:56.004410,2025-12-04 10:32:56.004422,vllm
124673256488960,/usr/local/lib/python3.12/dist-packages/scipy/optimize/_lbfgsb.cpython-312-x86_64-linux-gnu.so,2025-12-04 10:32:55.921489,2025-12-04 10:32:55.921500,vllm
124679269027840,/usr/local/lib/python3.12/dist-packages/scipy/optimize/_lsap.cpython-312-x86_64-linux-gnu.so,2025-12-04 10:32:56.127940,2025-12-04 10:32:56.127945,vllm
124673256062976,/usr/local/lib/python3.12/dist-packages/scipy/optimize/_lsq/givens_elimination.cpython-312-x86_64-l..,2025-12-04 10:32:55.957618,2025-12-04 10:32:55.957630,vllm
124673266868224,/usr/local/lib/python3.12/dist-packages/scipy/optimize/_minpack.cpython-312-x86_64-linux-gnu.so,2025-12-04 10:32:55.938778,2025-12-04 10:32:55.938784,vllm
124673260277760,/usr/local/lib/python3.12/dist-packages/scipy/optimize/_moduleTNC.cpython-312-x86_64-linux-gnu.so,2025-12-04 10:32:55.924294,2025-12-04 10:32:55.924300,vllm
124673240748032,/usr/local/lib/python3.12/dist-packages/scipy/optimize/_pava_pybind.cpython-312-x86_64-linux-gnu.so..,2025-12-04 10:32:56.140343,2025-12-04 10:32:56.140348,vllm
124673256132608,/usr/local/lib/python3.12/dist-packages/scipy/optimize/_slsqplib.cpython-312-x86_64-linux-gnu.so,2025-12-04 10:32:55.930418,2025-12-04 10:32:55.930425,vllm
124674950336512,/usr/local/lib/python3.12/dist-packages/scipy/optimize/_trlib/_trlib.cpython-312-x86_64-linux-gnu.s..,2025-12-04 10:32:55.893878,2025-12-04 10:32:55.893886,vllm
124679269056512,/usr/local/lib/python3.12/dist-packages/scipy/optimize/_zeros.cpython-312-x86_64-linux-gnu.so,2025-12-04 10:32:55.980764,2025-12-04 10:32:55.980772,vllm
124673268924416,/usr/local/lib/python3.12/dist-packages/scipy/sparse/_csparsetools.cpython-312-x86_64-linux-gnu.so,2025-12-04 10:32:55.683057,2025-12-04 10:32:55.683070,vllm
124673270501376,/usr/local/lib/python3.12/dist-packages/scipy/sparse/_sparsetools.cpython-312-x86_64-linux-gnu.so,2025-12-04 10:32:55.658278,2025-12-04 10:32:55.658287,vllm
124673268232192,/usr/local/lib/python3.12/dist-packages/scipy/sparse/linalg/_dsolve/_superlu.cpython-312-x86_64-lin..,2025-12-04 10:32:55.777117,2025-12-04 10:32:55.777130,vllm
124673262092288,/usr/local/lib/python3.12/dist-packages/scipy/sparse/linalg/_eigen/arpack/../../../../../scipy.libs..,2025-12-04 10:32:55.796662,2025-12-04 10:32:55.796670,vllm
124673267470336,/usr/local/lib/python3.12/dist-packages/scipy/sparse/linalg/_eigen/arpack/_arpack.cpython-312-x86_6..,2025-12-04 10:32:55.796311,2025-12-04 10:32:55.796320,vllm
124673261088768,/usr/local/lib/python3.12/dist-packages/scipy/sparse/linalg/_propack/_cpropack.cpython-312-x86_64-l..,2025-12-04 10:32:55.813745,2025-12-04 10:32:55.813753,vllm
124673261662208,/usr/local/lib/python3.12/dist-packages/scipy/sparse/linalg/_propack/_dpropack.cpython-312-x86_64-l..,2025-12-04 10:32:55.812818,2025-12-04 10:32:55.812829,vllm
124673267040256,/usr/local/lib/python3.12/dist-packages/scipy/sparse/linalg/_propack/_spropack.cpython-312-x86_64-l..,2025-12-04 10:32:55.811783,2025-12-04 10:32:55.811791,vllm
124673260417024,/usr/local/lib/python3.12/dist-packages/scipy/sparse/linalg/_propack/_zpropack.cpython-312-x86_64-l..,2025-12-04 10:32:55.814643,2025-12-04 10:32:55.814650,vllm
124673239994368,/usr/local/lib/python3.12/dist-packages/scipy/spatial/_ckdtree.cpython-312-x86_64-linux-gnu.so,2025-12-04 10:32:56.153000,2025-12-04 10:32:56.153013,vllm
124673237311488,/usr/local/lib/python3.12/dist-packages/scipy/spatial/_distance_pybind.cpython-312-x86_64-linux-gnu..,2025-12-04 10:32:56.170518,2025-12-04 10:32:56.170524,vllm
124673237200896,/usr/local/lib/python3.12/dist-packages/scipy/spatial/_distance_wrap.cpython-312-x86_64-linux-gnu.s..,2025-12-04 10:32:56.171259,2025-12-04 10:32:56.171267,vllm
124673237860352,/usr/local/lib/python3.12/dist-packages/scipy/spatial/_hausdorff.cpython-312-x86_64-linux-gnu.so,2025-12-04 10:32:56.170196,2025-12-04 10:32:56.170203,vllm
124673239080960,/usr/local/lib/python3.12/dist-packages/scipy/spatial/_qhull.cpython-312-x86_64-linux-gnu.so,2025-12-04 10:32:56.153928,2025-12-04 10:32:56.153941,vllm
124673238999040,/usr/local/lib/python3.12/dist-packages/scipy/spatial/_voronoi.cpython-312-x86_64-linux-gnu.so,2025-12-04 10:32:56.156431,2025-12-04 10:32:56.156439,vllm
124673236828160,/usr/local/lib/python3.12/dist-packages/scipy/spatial/transform/_rigid_transform.cpython-312-x86_64..,2025-12-04 10:32:56.177584,2025-12-04 10:32:56.177592,vllm
124673236045824,/usr/local/lib/python3.12/dist-packages/scipy/spatial/transform/_rotation.cpython-312-x86_64-linux-..,2025-12-04 10:32:56.178102,2025-12-04 10:32:56.178114,vllm
124675010002944,/usr/local/lib/python3.12/dist-packages/scipy/special/_comb.cpython-312-x86_64-linux-gnu.so,2025-12-04 10:32:56.080870,2025-12-04 10:32:56.080878,vllm
124673245540352,/usr/local/lib/python3.12/dist-packages/scipy/special/_ellip_harm_2.cpython-312-x86_64-linux-gnu.so..,2025-12-04 10:32:56.050304,2025-12-04 10:32:56.050313,vllm
124673243467776,/usr/local/lib/python3.12/dist-packages/scipy/special/_gufuncs.cpython-312-x86_64-linux-gnu.so,2025-12-04 10:32:56.051957,2025-12-04 10:32:56.051966,vllm
124673242198016,/usr/local/lib/python3.12/dist-packages/scipy/special/_specfun.cpython-312-x86_64-linux-gnu.so,2025-12-04 10:32:56.080214,2025-12-04 10:32:56.080223,vllm
124673244086272,/usr/local/lib/python3.12/dist-packages/scipy/special/_special_ufuncs.cpython-312-x86_64-linux-gnu...,2025-12-04 10:32:56.050783,2025-12-04 10:32:56.050791,vllm
124673247244288,/usr/local/lib/python3.12/dist-packages/scipy/special/_ufuncs.cpython-312-x86_64-linux-gnu.so,2025-12-04 10:32:56.048740,2025-12-04 10:32:56.048753,vllm
124673245671424,/usr/local/lib/python3.12/dist-packages/scipy/special/_ufuncs_cxx.cpython-312-x86_64-linux-gnu.so,2025-12-04 10:32:56.049582,2025-12-04 10:32:56.049591,vllm
124673228750848,/usr/local/lib/python3.12/dist-packages/sentencepiece/_sentencepiece.cpython-312-x86_64-linux-gnu.s..,2025-12-04 10:32:56.698706,2025-12-04 10:32:56.698733,vllm
123977460617216,/usr/local/lib/python3.12/dist-packages/setproctitle/_setproctitle.cpython-312-x86_64-linux-gnu.so,2025-12-04 10:33:25.415430,2025-12-04 10:33:25.415438,python3
124673026285568,/usr/local/lib/python3.12/dist-packages/tiktoken/_tiktoken.cpython-312-x86_64-linux-gnu.so,2025-12-04 10:33:01.591534,2025-12-04 10:33:01.591540,vllm
124675025342464,/usr/local/lib/python3.12/dist-packages/tokenizers/tokenizers.abi3.so,2025-12-04 10:32:52.727335,2025-12-04 10:32:52.727357,vllm
131360658300928,/usr/local/lib/python3.12/dist-packages/torch/_C.cpython-312-x86_64-linux-gnu.so,2025-12-04 10:33:03.035513,2025-12-04 10:33:03.035537,python3
131356629663744,/usr/local/lib/python3.12/dist-packages/torch/lib/../../nvidia/cublas/lib/libcublas.so.12,2025-12-04 10:33:03.040318,2025-12-04 10:33:03.040329,python3
131355786608640,/usr/local/lib/python3.12/dist-packages/torch/lib/../../nvidia/cublas/lib/libcublasLt.so.12,2025-12-04 10:33:03.040429,2025-12-04 10:33:03.040438,python3
131358131331072,/usr/local/lib/python3.12/dist-packages/torch/lib/../../nvidia/cuda_cupti/lib/libcupti.so.12,2025-12-04 10:33:03.039412,2025-12-04 10:33:03.039415,python3
131360654098432,/usr/local/lib/python3.12/dist-packages/torch/lib/../../nvidia/cuda_runtime/lib/libcudart.so.12,2025-12-04 10:33:03.011540,2025-12-04 10:33:03.011553,python3
131358596792320,/usr/local/lib/python3.12/dist-packages/torch/lib/../../nvidia/cudnn/lib/libcudnn.so.9,2025-12-04 10:33:03.038972,2025-12-04 10:33:03.038979,python3
131357330112512,/usr/local/lib/python3.12/dist-packages/torch/lib/../../nvidia/cufft/lib/libcufft.so.11,2025-12-04 10:33:03.039903,2025-12-04 10:33:03.039912,python3
131358139125760,/usr/local/lib/python3.12/dist-packages/torch/lib/../../nvidia/cufile/lib/libcufile.so.0,2025-12-04 10:33:03.039263,2025-12-04 10:33:03.039268,python3
131356738715648,/usr/local/lib/python3.12/dist-packages/torch/lib/../../nvidia/curand/lib/libcurand.so.10,2025-12-04 10:33:03.040191,2025-12-04 10:33:03.040201,python3
131357632102400,/usr/local/lib/python3.12/dist-packages/torch/lib/../../nvidia/cusparse/lib/libcusparse.so.12,2025-12-04 10:33:03.039751,2025-12-04 10:33:03.039762,python3
131358142300160,/usr/local/lib/python3.12/dist-packages/torch/lib/../../nvidia/cusparselt/lib/libcusparseLt.so.0,2025-12-04 10:33:03.039076,2025-12-04 10:33:03.039080,python3
131356914876416,/usr/local/lib/python3.12/dist-packages/torch/lib/../../nvidia/nccl/lib/libnccl.so.2,2025-12-04 10:33:03.040051,2025-12-04 10:33:03.040058,python3
131355639808000,/usr/local/lib/python3.12/dist-packages/torch/lib/../../nvidia/nvshmem/lib/libnvshmem_host.so.3,2025-12-04 10:33:03.040861,2025-12-04 10:33:03.040870,python3
131360652914688,/usr/local/lib/python3.12/dist-packages/torch/lib/libc10.so,2025-12-04 10:33:03.038870,2025-12-04 10:33:03.038873,python3
131360657076224,/usr/local/lib/python3.12/dist-packages/torch/lib/libc10_cuda.so,2025-12-04 10:33:03.038704,2025-12-04 10:33:03.038707,python3
131360649904128,/usr/local/lib/python3.12/dist-packages/torch/lib/libgomp.so.1,2025-12-04 10:33:03.011713,2025-12-04 10:33:03.011720,python3
131360657776640,/usr/local/lib/python3.12/dist-packages/torch/lib/libshm.so,2025-12-04 10:33:03.038156,2025-12-04 10:33:03.038162,python3
131360657821696,/usr/local/lib/python3.12/dist-packages/torch/lib/libtorch.so,2025-12-04 10:33:03.038000,2025-12-04 10:33:03.038004,python3
131360063774720,/usr/local/lib/python3.12/dist-packages/torch/lib/libtorch_cpu.so,2025-12-04 10:33:03.038316,2025-12-04 10:33:03.038322,python3
131358600888320,/usr/local/lib/python3.12/dist-packages/torch/lib/libtorch_cuda.so,2025-12-04 10:33:03.038510,2025-12-04 10:33:03.038513,python3
131360662130688,/usr/local/lib/python3.12/dist-packages/torch/lib/libtorch_global_deps.so,2025-12-04 10:33:03.008509,2025-12-04 10:33:03.008520,python3
131358121943040,/usr/local/lib/python3.12/dist-packages/torch/lib/libtorch_nvshmem.so,2025-12-04 10:33:03.039580,2025-12-04 10:33:03.039584,python3
131360409112576,/usr/local/lib/python3.12/dist-packages/torch/lib/libtorch_python.so,2025-12-04 10:33:03.037762,2025-12-04 10:33:03.037782,python3
124674994339840,/usr/local/lib/python3.12/dist-packages/torchvision/../torchvision.libs/libcudart.6ead8f7a.so.12,2025-12-04 10:32:53.562262,2025-12-04 10:32:53.562270,vllm
124675012308992,/usr/local/lib/python3.12/dist-packages/torchvision/../torchvision.libs/libjpeg.3892d175.so.8,2025-12-04 10:32:53.561882,2025-12-04 10:32:53.561886,vllm
124674998534144,/usr/local/lib/python3.12/dist-packages/torchvision/../torchvision.libs/libnvjpeg.af8ad92e.so.12,2025-12-04 10:32:53.562122,2025-12-04 10:32:53.562131,vllm
124677455220736,/usr/local/lib/python3.12/dist-packages/torchvision/../torchvision.libs/libpng16.5e60c995.so.16,2025-12-04 10:32:53.561763,2025-12-04 10:32:53.561767,vllm
124679570341888,/usr/local/lib/python3.12/dist-packages/torchvision/../torchvision.libs/libsharpyuv.9c8066ba.so.0,2025-12-04 10:32:53.562471,2025-12-04 10:32:53.562475,vllm
124675011637248,/usr/local/lib/python3.12/dist-packages/torchvision/../torchvision.libs/libwebp.284ec0f5.so.7,2025-12-04 10:32:53.561988,2025-12-04 10:32:53.561992,vllm
124677455114240,/usr/local/lib/python3.12/dist-packages/torchvision/../torchvision.libs/libz.0c15d28c.so.1,2025-12-04 10:32:53.562374,2025-12-04 10:32:53.562378,vllm
124675015757824,/usr/local/lib/python3.12/dist-packages/torchvision/_C.so,2025-12-04 10:32:53.450548,2025-12-04 10:32:53.450567,vllm
124675012927488,/usr/local/lib/python3.12/dist-packages/torchvision/image.so,2025-12-04 10:32:53.561253,2025-12-04 10:32:53.561260,vllm
124675560435712,/usr/local/lib/python3.12/dist-packages/triton/_C/libtriton.so,2025-12-04 10:32:44.895504,2025-12-04 10:32:44.895512,vllm
123970204479488,/usr/local/lib/python3.12/dist-packages/triton/backends/nvidia/lib/libdevice.10.bc,2025-12-04 10:34:14.905344,2025-12-04 10:34:14.905373,VLLM::EngineCor
123970205810688,/usr/local/lib/python3.12/dist-packages/tvm_ffi/core.abi3.so,2025-12-04 10:33:27.747908,2025-12-04 10:33:27.747916,VLLM::EngineCor
123970206261248,/usr/local/lib/python3.12/dist-packages/tvm_ffi/lib/libtvm_ffi.so,2025-12-04 10:33:27.746701,2025-12-04 10:33:27.746721,VLLM::EngineCor
123970204983296,/usr/local/lib/python3.12/dist-packages/tvm_ffi/lib/libtvm_ffi_testing.so,2025-12-04 10:33:27.748216,2025-12-04 10:33:27.748222,VLLM::EngineCor
124673022332928,/usr/local/lib/python3.12/dist-packages/uvloop/loop.cpython-312-x86_64-linux-gnu.so,2025-12-04 10:33:01.753068,2025-12-04 10:33:01.753079,vllm
124675049590784,/usr/local/lib/python3.12/dist-packages/vllm/_C.abi3.so,2025-12-04 10:32:51.544342,2025-12-04 10:32:51.544352,vllm
124673079873536,/usr/local/lib/python3.12/dist-packages/vllm/_moe_C.abi3.so,2025-12-04 10:32:58.458078,2025-12-04 10:32:58.458091,vllm
131350774988800,/usr/local/lib/python3.12/dist-packages/vllm/vllm_flash_attn/_vllm_fa2_C.abi3.so,2025-12-04 10:33:11.635126,2025-12-04 10:33:11.635141,python3
131350581194752,/usr/local/lib/python3.12/dist-packages/vllm/vllm_flash_attn/_vllm_fa3_C.abi3.so,2025-12-04 10:33:11.645809,2025-12-04 10:33:11.645820,python3
124673019375616,/usr/local/lib/python3.12/dist-packages/watchfiles/_rust_notify.cpython-312-x86_64-linux-gnu.so,2025-12-04 10:33:02.296911,2025-12-04 10:33:02.296921,vllm
124677455040512,/usr/local/lib/python3.12/dist-packages/websockets/speedups.cpython-312-x86_64-linux-gnu.so,2025-12-04 10:34:50.688155,2025-12-04 10:34:50.688178,vllm
124673029009408,/usr/local/lib/python3.12/dist-packages/xgrammar/xgrammar_bindings.cpython-312-x86_64-linux-gnu.so,2025-12-04 10:33:01.558225,2025-12-04 10:33:01.558239,vllm
124678568558592,/usr/local/lib/python3.12/dist-packages/yaml/_yaml.cpython-312-x86_64-linux-gnu.so,2025-12-04 10:32:51.935150,2025-12-04 10:32:51.935158,vllm
124673227452416,/usr/local/lib/python3.12/dist-packages/yarl/_quoting_c.cpython-312-x86_64-linux-gnu.so,2025-12-04 10:32:57.510529,2025-12-04 10:32:57.510566,vllm
124673219649536,/usr/local/lib/python3.12/dist-packages/zmq/backend/cython/../../../pyzmq.libs/libsodium-19479d6d.s..,2025-12-04 10:32:58.012884,2025-12-04 10:32:58.012893,vllm
124673220857856,/usr/local/lib/python3.12/dist-packages/zmq/backend/cython/../../../pyzmq.libs/libzmq-7b073b3d.so.5..,2025-12-04 10:32:58.012677,2025-12-04 10:32:58.012684,vllm
124673221808128,/usr/local/lib/python3.12/dist-packages/zmq/backend/cython/_zmq.abi3.so,2025-12-04 10:32:58.012133,2025-12-04 10:32:58.012144,vllm
